[{"model": "wagtailimages.rendition", "pk": 1, "fields": {"filter_spec": "max-165x165", "file": "images/launch_icon.max-165x165.png", "width": 150, "height": 150, "focal_point_key": "", "image": 2}}, {"model": "wagtailimages.rendition", "pk": 2, "fields": {"filter_spec": "max-165x165", "file": "images/grow_icon.max-165x165.png", "width": 150, "height": 150, "focal_point_key": "", "image": 1}}, {"model": "wagtailimages.rendition", "pk": 3, "fields": {"filter_spec": "max-165x165", "file": "images/plan_icon.max-165x165.png", "width": 150, "height": 150, "focal_point_key": "", "image": 3}}, {"model": "wagtailimages.rendition", "pk": 4, "fields": {"filter_spec": "width-64", "file": "images/plan_icon.width-64.png", "width": 64, "height": 64, "focal_point_key": "", "image": 3}}, {"model": "wagtailimages.rendition", "pk": 5, "fields": {"filter_spec": "width-64", "file": "images/launch_icon.width-64.png", "width": 64, "height": 64, "focal_point_key": "", "image": 2}}, {"model": "wagtailimages.rendition", "pk": 6, "fields": {"filter_spec": "width-64", "file": "images/grow_icon.width-64.png", "width": 64, "height": 64, "focal_point_key": "", "image": 1}}, {"model": "wagtailcore.site", "pk": 1, "fields": {"hostname": "localhost", "port": 80, "site_name": null, "root_page": 3, "is_default_site": true}}, {"model": "wagtailcore.collection", "pk": 1, "fields": {"path": "0001", "depth": 1, "numchild": 0, "name": "Root"}}, {"model": "contenttypes.contenttype", "pk": 1, "fields": {"app_label": "wagtailcore", "model": "page"}}, {"model": "contenttypes.contenttype", "pk": 2, "fields": {"app_label": "wagtailimages", "model": "image"}}, {"model": "contenttypes.contenttype", "pk": 3, "fields": {"app_label": "wagtailadmin", "model": "admin"}}, {"model": "contenttypes.contenttype", "pk": 4, "fields": {"app_label": "wagtaildocs", "model": "document"}}, {"model": "contenttypes.contenttype", "pk": 5, "fields": {"app_label": "home", "model": "homepage"}}, {"model": "contenttypes.contenttype", "pk": 6, "fields": {"app_label": "home", "model": "sitesettings"}}, {"model": "contenttypes.contenttype", "pk": 7, "fields": {"app_label": "roadmap", "model": "contact"}}, {"model": "contenttypes.contenttype", "pk": 8, "fields": {"app_label": "roadmap", "model": "step"}}, {"model": "contenttypes.contenttype", "pk": 9, "fields": {"app_label": "roadmap", "model": "track"}}, {"model": "contenttypes.contenttype", "pk": 10, "fields": {"app_label": "wagtailforms", "model": "formsubmission"}}, {"model": "contenttypes.contenttype", "pk": 11, "fields": {"app_label": "wagtailredirects", "model": "redirect"}}, {"model": "contenttypes.contenttype", "pk": 12, "fields": {"app_label": "wagtailembeds", "model": "embed"}}, {"model": "contenttypes.contenttype", "pk": 13, "fields": {"app_label": "wagtailusers", "model": "userprofile"}}, {"model": "contenttypes.contenttype", "pk": 14, "fields": {"app_label": "wagtailimages", "model": "rendition"}}, {"model": "contenttypes.contenttype", "pk": 15, "fields": {"app_label": "wagtailsearch", "model": "query"}}, {"model": "contenttypes.contenttype", "pk": 16, "fields": {"app_label": "wagtailsearch", "model": "querydailyhits"}}, {"model": "contenttypes.contenttype", "pk": 17, "fields": {"app_label": "wagtailcore", "model": "grouppagepermission"}}, {"model": "contenttypes.contenttype", "pk": 18, "fields": {"app_label": "wagtailcore", "model": "pagerevision"}}, {"model": "contenttypes.contenttype", "pk": 19, "fields": {"app_label": "wagtailcore", "model": "pageviewrestriction"}}, {"model": "contenttypes.contenttype", "pk": 20, "fields": {"app_label": "wagtailcore", "model": "site"}}, {"model": "contenttypes.contenttype", "pk": 21, "fields": {"app_label": "wagtailcore", "model": "collection"}}, {"model": "contenttypes.contenttype", "pk": 22, "fields": {"app_label": "wagtailcore", "model": "groupcollectionpermission"}}, {"model": "contenttypes.contenttype", "pk": 23, "fields": {"app_label": "wagtailcore", "model": "collectionviewrestriction"}}, {"model": "contenttypes.contenttype", "pk": 24, "fields": {"app_label": "taggit", "model": "tag"}}, {"model": "contenttypes.contenttype", "pk": 25, "fields": {"app_label": "taggit", "model": "taggeditem"}}, {"model": "contenttypes.contenttype", "pk": 26, "fields": {"app_label": "admin", "model": "logentry"}}, {"model": "contenttypes.contenttype", "pk": 27, "fields": {"app_label": "auth", "model": "permission"}}, {"model": "contenttypes.contenttype", "pk": 28, "fields": {"app_label": "auth", "model": "group"}}, {"model": "contenttypes.contenttype", "pk": 29, "fields": {"app_label": "auth", "model": "user"}}, {"model": "contenttypes.contenttype", "pk": 30, "fields": {"app_label": "contenttypes", "model": "contenttype"}}, {"model": "contenttypes.contenttype", "pk": 31, "fields": {"app_label": "sessions", "model": "session"}}, {"model": "sessions.session", "pk": "3lderu27i4n2otbbta1cpn4m1k48135m", "fields": {"session_data": "ZDdhOWFjYWQ0NDQwNmM1MTQ3N2Y2NGVlN2ViYjYxMmRjZTcwZjVkYzp7Il9hdXRoX3VzZXJfaWQiOiIxIiwiX2F1dGhfdXNlcl9iYWNrZW5kIjoiZGphbmdvLmNvbnRyaWIuYXV0aC5iYWNrZW5kcy5Nb2RlbEJhY2tlbmQiLCJfYXV0aF91c2VyX2hhc2giOiJjNWMwMzJmOWVjYjY4Yzg5YzQ3ZDQzNzIwYjBjZTE3ZWMxNTUwMjU4In0=", "expire_date": "2017-10-27T20:50:00.108Z"}}, {"model": "sessions.session", "pk": "voiczblzgzb620f8ewof7o7g9kbokzp7", "fields": {"session_data": "ZDdhOWFjYWQ0NDQwNmM1MTQ3N2Y2NGVlN2ViYjYxMmRjZTcwZjVkYzp7Il9hdXRoX3VzZXJfaWQiOiIxIiwiX2F1dGhfdXNlcl9iYWNrZW5kIjoiZGphbmdvLmNvbnRyaWIuYXV0aC5iYWNrZW5kcy5Nb2RlbEJhY2tlbmQiLCJfYXV0aF91c2VyX2hhc2giOiJjNWMwMzJmOWVjYjY4Yzg5YzQ3ZDQzNzIwYjBjZTE3ZWMxNTUwMjU4In0=", "expire_date": "2017-10-27T21:35:59.034Z"}}, {"model": "auth.permission", "pk": 1, "fields": {"name": "Can add image", "content_type": 2, "codename": "add_image"}}, {"model": "auth.permission", "pk": 2, "fields": {"name": "Can change image", "content_type": 2, "codename": "change_image"}}, {"model": "auth.permission", "pk": 3, "fields": {"name": "Can delete image", "content_type": 2, "codename": "delete_image"}}, {"model": "auth.permission", "pk": 4, "fields": {"name": "Can access Wagtail admin", "content_type": 3, "codename": "access_admin"}}, {"model": "auth.permission", "pk": 5, "fields": {"name": "Can add document", "content_type": 4, "codename": "add_document"}}, {"model": "auth.permission", "pk": 6, "fields": {"name": "Can change document", "content_type": 4, "codename": "change_document"}}, {"model": "auth.permission", "pk": 7, "fields": {"name": "Can delete document", "content_type": 4, "codename": "delete_document"}}, {"model": "auth.permission", "pk": 8, "fields": {"name": "Can add home page", "content_type": 5, "codename": "add_homepage"}}, {"model": "auth.permission", "pk": 9, "fields": {"name": "Can change home page", "content_type": 5, "codename": "change_homepage"}}, {"model": "auth.permission", "pk": 10, "fields": {"name": "Can delete home page", "content_type": 5, "codename": "delete_homepage"}}, {"model": "auth.permission", "pk": 11, "fields": {"name": "Can add site settings", "content_type": 6, "codename": "add_sitesettings"}}, {"model": "auth.permission", "pk": 12, "fields": {"name": "Can change site settings", "content_type": 6, "codename": "change_sitesettings"}}, {"model": "auth.permission", "pk": 13, "fields": {"name": "Can delete site settings", "content_type": 6, "codename": "delete_sitesettings"}}, {"model": "auth.permission", "pk": 14, "fields": {"name": "Can add contact", "content_type": 7, "codename": "add_contact"}}, {"model": "auth.permission", "pk": 15, "fields": {"name": "Can change contact", "content_type": 7, "codename": "change_contact"}}, {"model": "auth.permission", "pk": 16, "fields": {"name": "Can delete contact", "content_type": 7, "codename": "delete_contact"}}, {"model": "auth.permission", "pk": 17, "fields": {"name": "Can add step", "content_type": 8, "codename": "add_step"}}, {"model": "auth.permission", "pk": 18, "fields": {"name": "Can change step", "content_type": 8, "codename": "change_step"}}, {"model": "auth.permission", "pk": 19, "fields": {"name": "Can delete step", "content_type": 8, "codename": "delete_step"}}, {"model": "auth.permission", "pk": 20, "fields": {"name": "Can add track", "content_type": 9, "codename": "add_track"}}, {"model": "auth.permission", "pk": 21, "fields": {"name": "Can change track", "content_type": 9, "codename": "change_track"}}, {"model": "auth.permission", "pk": 22, "fields": {"name": "Can delete track", "content_type": 9, "codename": "delete_track"}}, {"model": "auth.permission", "pk": 23, "fields": {"name": "Can add form submission", "content_type": 10, "codename": "add_formsubmission"}}, {"model": "auth.permission", "pk": 24, "fields": {"name": "Can change form submission", "content_type": 10, "codename": "change_formsubmission"}}, {"model": "auth.permission", "pk": 25, "fields": {"name": "Can delete form submission", "content_type": 10, "codename": "delete_formsubmission"}}, {"model": "auth.permission", "pk": 26, "fields": {"name": "Can add redirect", "content_type": 11, "codename": "add_redirect"}}, {"model": "auth.permission", "pk": 27, "fields": {"name": "Can change redirect", "content_type": 11, "codename": "change_redirect"}}, {"model": "auth.permission", "pk": 28, "fields": {"name": "Can delete redirect", "content_type": 11, "codename": "delete_redirect"}}, {"model": "auth.permission", "pk": 29, "fields": {"name": "Can add embed", "content_type": 12, "codename": "add_embed"}}, {"model": "auth.permission", "pk": 30, "fields": {"name": "Can change embed", "content_type": 12, "codename": "change_embed"}}, {"model": "auth.permission", "pk": 31, "fields": {"name": "Can delete embed", "content_type": 12, "codename": "delete_embed"}}, {"model": "auth.permission", "pk": 32, "fields": {"name": "Can add user profile", "content_type": 13, "codename": "add_userprofile"}}, {"model": "auth.permission", "pk": 33, "fields": {"name": "Can change user profile", "content_type": 13, "codename": "change_userprofile"}}, {"model": "auth.permission", "pk": 34, "fields": {"name": "Can delete user profile", "content_type": 13, "codename": "delete_userprofile"}}, {"model": "auth.permission", "pk": 35, "fields": {"name": "Can add rendition", "content_type": 14, "codename": "add_rendition"}}, {"model": "auth.permission", "pk": 36, "fields": {"name": "Can change rendition", "content_type": 14, "codename": "change_rendition"}}, {"model": "auth.permission", "pk": 37, "fields": {"name": "Can delete rendition", "content_type": 14, "codename": "delete_rendition"}}, {"model": "auth.permission", "pk": 38, "fields": {"name": "Can add query", "content_type": 15, "codename": "add_query"}}, {"model": "auth.permission", "pk": 39, "fields": {"name": "Can change query", "content_type": 15, "codename": "change_query"}}, {"model": "auth.permission", "pk": 40, "fields": {"name": "Can delete query", "content_type": 15, "codename": "delete_query"}}, {"model": "auth.permission", "pk": 41, "fields": {"name": "Can add Query Daily Hits", "content_type": 16, "codename": "add_querydailyhits"}}, {"model": "auth.permission", "pk": 42, "fields": {"name": "Can change Query Daily Hits", "content_type": 16, "codename": "change_querydailyhits"}}, {"model": "auth.permission", "pk": 43, "fields": {"name": "Can delete Query Daily Hits", "content_type": 16, "codename": "delete_querydailyhits"}}, {"model": "auth.permission", "pk": 44, "fields": {"name": "Can add page", "content_type": 1, "codename": "add_page"}}, {"model": "auth.permission", "pk": 45, "fields": {"name": "Can change page", "content_type": 1, "codename": "change_page"}}, {"model": "auth.permission", "pk": 46, "fields": {"name": "Can delete page", "content_type": 1, "codename": "delete_page"}}, {"model": "auth.permission", "pk": 47, "fields": {"name": "Can add group page permission", "content_type": 17, "codename": "add_grouppagepermission"}}, {"model": "auth.permission", "pk": 48, "fields": {"name": "Can change group page permission", "content_type": 17, "codename": "change_grouppagepermission"}}, {"model": "auth.permission", "pk": 49, "fields": {"name": "Can delete group page permission", "content_type": 17, "codename": "delete_grouppagepermission"}}, {"model": "auth.permission", "pk": 50, "fields": {"name": "Can add page revision", "content_type": 18, "codename": "add_pagerevision"}}, {"model": "auth.permission", "pk": 51, "fields": {"name": "Can change page revision", "content_type": 18, "codename": "change_pagerevision"}}, {"model": "auth.permission", "pk": 52, "fields": {"name": "Can delete page revision", "content_type": 18, "codename": "delete_pagerevision"}}, {"model": "auth.permission", "pk": 53, "fields": {"name": "Can add page view restriction", "content_type": 19, "codename": "add_pageviewrestriction"}}, {"model": "auth.permission", "pk": 54, "fields": {"name": "Can change page view restriction", "content_type": 19, "codename": "change_pageviewrestriction"}}, {"model": "auth.permission", "pk": 55, "fields": {"name": "Can delete page view restriction", "content_type": 19, "codename": "delete_pageviewrestriction"}}, {"model": "auth.permission", "pk": 56, "fields": {"name": "Can add site", "content_type": 20, "codename": "add_site"}}, {"model": "auth.permission", "pk": 57, "fields": {"name": "Can change site", "content_type": 20, "codename": "change_site"}}, {"model": "auth.permission", "pk": 58, "fields": {"name": "Can delete site", "content_type": 20, "codename": "delete_site"}}, {"model": "auth.permission", "pk": 59, "fields": {"name": "Can add collection", "content_type": 21, "codename": "add_collection"}}, {"model": "auth.permission", "pk": 60, "fields": {"name": "Can change collection", "content_type": 21, "codename": "change_collection"}}, {"model": "auth.permission", "pk": 61, "fields": {"name": "Can delete collection", "content_type": 21, "codename": "delete_collection"}}, {"model": "auth.permission", "pk": 62, "fields": {"name": "Can add group collection permission", "content_type": 22, "codename": "add_groupcollectionpermission"}}, {"model": "auth.permission", "pk": 63, "fields": {"name": "Can change group collection permission", "content_type": 22, "codename": "change_groupcollectionpermission"}}, {"model": "auth.permission", "pk": 64, "fields": {"name": "Can delete group collection permission", "content_type": 22, "codename": "delete_groupcollectionpermission"}}, {"model": "auth.permission", "pk": 65, "fields": {"name": "Can add collection view restriction", "content_type": 23, "codename": "add_collectionviewrestriction"}}, {"model": "auth.permission", "pk": 66, "fields": {"name": "Can change collection view restriction", "content_type": 23, "codename": "change_collectionviewrestriction"}}, {"model": "auth.permission", "pk": 67, "fields": {"name": "Can delete collection view restriction", "content_type": 23, "codename": "delete_collectionviewrestriction"}}, {"model": "auth.permission", "pk": 68, "fields": {"name": "Can add Tag", "content_type": 24, "codename": "add_tag"}}, {"model": "auth.permission", "pk": 69, "fields": {"name": "Can change Tag", "content_type": 24, "codename": "change_tag"}}, {"model": "auth.permission", "pk": 70, "fields": {"name": "Can delete Tag", "content_type": 24, "codename": "delete_tag"}}, {"model": "auth.permission", "pk": 71, "fields": {"name": "Can add Tagged Item", "content_type": 25, "codename": "add_taggeditem"}}, {"model": "auth.permission", "pk": 72, "fields": {"name": "Can change Tagged Item", "content_type": 25, "codename": "change_taggeditem"}}, {"model": "auth.permission", "pk": 73, "fields": {"name": "Can delete Tagged Item", "content_type": 25, "codename": "delete_taggeditem"}}, {"model": "auth.permission", "pk": 74, "fields": {"name": "Can add log entry", "content_type": 26, "codename": "add_logentry"}}, {"model": "auth.permission", "pk": 75, "fields": {"name": "Can change log entry", "content_type": 26, "codename": "change_logentry"}}, {"model": "auth.permission", "pk": 76, "fields": {"name": "Can delete log entry", "content_type": 26, "codename": "delete_logentry"}}, {"model": "auth.permission", "pk": 77, "fields": {"name": "Can add permission", "content_type": 27, "codename": "add_permission"}}, {"model": "auth.permission", "pk": 78, "fields": {"name": "Can change permission", "content_type": 27, "codename": "change_permission"}}, {"model": "auth.permission", "pk": 79, "fields": {"name": "Can delete permission", "content_type": 27, "codename": "delete_permission"}}, {"model": "auth.permission", "pk": 80, "fields": {"name": "Can add group", "content_type": 28, "codename": "add_group"}}, {"model": "auth.permission", "pk": 81, "fields": {"name": "Can change group", "content_type": 28, "codename": "change_group"}}, {"model": "auth.permission", "pk": 82, "fields": {"name": "Can delete group", "content_type": 28, "codename": "delete_group"}}, {"model": "auth.permission", "pk": 83, "fields": {"name": "Can add user", "content_type": 29, "codename": "add_user"}}, {"model": "auth.permission", "pk": 84, "fields": {"name": "Can change user", "content_type": 29, "codename": "change_user"}}, {"model": "auth.permission", "pk": 85, "fields": {"name": "Can delete user", "content_type": 29, "codename": "delete_user"}}, {"model": "auth.permission", "pk": 86, "fields": {"name": "Can add content type", "content_type": 30, "codename": "add_contenttype"}}, {"model": "auth.permission", "pk": 87, "fields": {"name": "Can change content type", "content_type": 30, "codename": "change_contenttype"}}, {"model": "auth.permission", "pk": 88, "fields": {"name": "Can delete content type", "content_type": 30, "codename": "delete_contenttype"}}, {"model": "auth.permission", "pk": 89, "fields": {"name": "Can add session", "content_type": 31, "codename": "add_session"}}, {"model": "auth.permission", "pk": 90, "fields": {"name": "Can change session", "content_type": 31, "codename": "change_session"}}, {"model": "auth.permission", "pk": 91, "fields": {"name": "Can delete session", "content_type": 31, "codename": "delete_session"}}, {"model": "home.sitesettings", "pk": 1, "fields": {"site": 1, "google_analytics_id": "", "website_header_text": "Start Here Bizness", "website_header_icon": null, "website_footer": "", "website_favicon": null, "algolia_app_id": "", "algolia_public_key": ""}}, {"model": "auth.group", "pk": 1, "fields": {"name": "Moderators", "permissions": [4, 5, 6, 7, 1, 2, 3]}}, {"model": "auth.group", "pk": 2, "fields": {"name": "Editors", "permissions": [4, 5, 6, 7, 1, 2, 3]}}, {"model": "wagtailcore.grouppagepermission", "pk": 1, "fields": {"group": 1, "page": 1, "permission_type": "add"}}, {"model": "wagtailcore.grouppagepermission", "pk": 2, "fields": {"group": 1, "page": 1, "permission_type": "edit"}}, {"model": "wagtailcore.grouppagepermission", "pk": 3, "fields": {"group": 1, "page": 1, "permission_type": "publish"}}, {"model": "wagtailcore.grouppagepermission", "pk": 4, "fields": {"group": 2, "page": 1, "permission_type": "add"}}, {"model": "wagtailcore.grouppagepermission", "pk": 5, "fields": {"group": 2, "page": 1, "permission_type": "edit"}}, {"model": "wagtailcore.grouppagepermission", "pk": 6, "fields": {"group": 1, "page": 1, "permission_type": "lock"}}, {"model": "wagtailcore.pagerevision", "pk": 1, "fields": {"page": 3, "submitted_for_moderation": false, "created_at": "2017-10-13T21:36:30.507Z", "user": 1, "content_json": "{\"pk\": 3, \"path\": \"000100010001\", \"depth\": 3, \"numchild\": 0, \"title\": \"Start Here Jobseeker\", \"draft_title\": \"Start Here Jobseeker\", \"slug\": \"start-here-jobseeker\", \"content_type\": 5, \"live\": false, \"has_unpublished_changes\": false, \"url_path\": \"/home/start-here-jobseeker/\", \"owner\": 1, \"seo_title\": \"\", \"show_in_menus\": false, \"search_description\": \"\", \"go_live_at\": null, \"expire_at\": null, \"expired\": false, \"locked\": false, \"first_published_at\": null, \"last_published_at\": null, \"latest_revision_created_at\": null, \"live_revision\": null, \"mission_statement\": \"Everything you need to make your job search a piece of cake!\", \"video\": \"\", \"sections\": \"[]\"}", "approved_go_live_at": null}}, {"model": "wagtailcore.pagerevision", "pk": 2, "fields": {"page": 4, "submitted_for_moderation": false, "created_at": "2017-10-13T21:38:34.774Z", "user": 1, "content_json": "{\"pk\": 4, \"path\": \"000100020001\", \"depth\": 3, \"numchild\": 0, \"title\": \"Find Housing\", \"draft_title\": \"Find Housing\", \"slug\": \"find-housing\", \"content_type\": 9, \"live\": true, \"has_unpublished_changes\": false, \"url_path\": \"/start-here-jobseeker/find-housing/\", \"owner\": 1, \"seo_title\": \"\", \"show_in_menus\": false, \"search_description\": \"\", \"go_live_at\": null, \"expire_at\": null, \"expired\": false, \"locked\": false, \"first_published_at\": null, \"last_published_at\": null, \"latest_revision_created_at\": null, \"live_revision\": null, \"page_body\": \"\", \"form_submission_message\": \"Based on your choices we suggest looking at the following:\", \"question\": \"\", \"choices\": \"[]\", \"has_strict_rules\": false, \"rules\": \"[]\", \"default_steps\": \"[]\"}", "approved_go_live_at": null}}, {"model": "wagtailcore.pagerevision", "pk": 3, "fields": {"page": 5, "submitted_for_moderation": false, "created_at": "2017-10-13T21:38:52.486Z", "user": 1, "content_json": "{\"pk\": 5, \"path\": \"000100020002\", \"depth\": 3, \"numchild\": 0, \"title\": \"Get Your Identification\", \"draft_title\": \"Get Your Identification\", \"slug\": \"get-your-identification\", \"content_type\": 9, \"live\": true, \"has_unpublished_changes\": false, \"url_path\": \"/start-here-jobseeker/get-your-identification/\", \"owner\": 1, \"seo_title\": \"\", \"show_in_menus\": false, \"search_description\": \"\", \"go_live_at\": null, \"expire_at\": null, \"expired\": false, \"locked\": false, \"first_published_at\": null, \"last_published_at\": null, \"latest_revision_created_at\": null, \"live_revision\": null, \"page_body\": \"<p><p><p><h4>Let's get your IDs, this will be a piece of cake!\\u00a0</h4><p>If you are looking for work you will need several forms of ID to be ready to hire. Companies are required to check to see that you have valid ID to make sure you meet I-9 eligibility requirements set by the state.\\u00a0</p></p></p></p><p><p></p></p>\", \"form_submission_message\": \"Based on your choices we suggest looking at the following:\", \"question\": \"\", \"choices\": \"[]\", \"has_strict_rules\": false, \"rules\": \"[]\", \"default_steps\": \"[]\"}", "approved_go_live_at": null}}, {"model": "wagtailcore.pagerevision", "pk": 4, "fields": {"page": 3, "submitted_for_moderation": false, "created_at": "2017-10-13T21:39:02.395Z", "user": 1, "content_json": "{\"pk\": 3, \"path\": \"00010002\", \"depth\": 2, \"numchild\": 2, \"title\": \"Start Here Jobseeker\", \"draft_title\": \"Start Here Jobseeker\", \"slug\": \"start-here-jobseeker\", \"content_type\": 5, \"live\": false, \"has_unpublished_changes\": true, \"url_path\": \"/start-here-jobseeker/\", \"owner\": 1, \"seo_title\": \"\", \"show_in_menus\": false, \"search_description\": \"\", \"go_live_at\": null, \"expire_at\": null, \"expired\": false, \"locked\": false, \"first_published_at\": null, \"last_published_at\": null, \"latest_revision_created_at\": \"2017-10-13T21:36:30.507Z\", \"live_revision\": null, \"mission_statement\": \"Everything you need to make your job search a piece of cake!\", \"video\": \"\", \"sections\": \"[]\"}", "approved_go_live_at": null}}, {"model": "wagtailcore.pagerevision", "pk": 5, "fields": {"page": 6, "submitted_for_moderation": false, "created_at": "2017-10-13T21:39:26.289Z", "user": 1, "content_json": "{\"pk\": 6, \"path\": \"000100020003\", \"depth\": 3, \"numchild\": 0, \"title\": \"Create the Right Resume\", \"draft_title\": \"Create the Right Resume\", \"slug\": \"create-right-resume\", \"content_type\": 9, \"live\": true, \"has_unpublished_changes\": false, \"url_path\": \"/start-here-jobseeker/create-right-resume/\", \"owner\": 1, \"seo_title\": \"\", \"show_in_menus\": false, \"search_description\": \"\", \"go_live_at\": null, \"expire_at\": null, \"expired\": false, \"locked\": false, \"first_published_at\": null, \"last_published_at\": null, \"latest_revision_created_at\": null, \"live_revision\": null, \"page_body\": \"<p><p><p><p>No need to start from scratch! We\\u2019ve got a good selection of resumes to save you time and energy so you can focus on what really matters\\u2014getting the job!\\u00a0</p></p></p></p><p><p></p></p>\", \"form_submission_message\": \"Based on your choices we suggest looking at the following:\", \"question\": \"\", \"choices\": \"[]\", \"has_strict_rules\": false, \"rules\": \"[]\", \"default_steps\": \"[]\"}", "approved_go_live_at": null}}, {"model": "wagtailcore.pagerevision", "pk": 6, "fields": {"page": 7, "submitted_for_moderation": false, "created_at": "2017-10-13T21:39:42.332Z", "user": 1, "content_json": "{\"pk\": 7, \"path\": \"000100020004\", \"depth\": 3, \"numchild\": 0, \"title\": \"Job Search Help (Bus Passes & More)\", \"draft_title\": \"Job Search Help (Bus Passes & More)\", \"slug\": \"job-search-help-bus-passes-more\", \"content_type\": 9, \"live\": true, \"has_unpublished_changes\": false, \"url_path\": \"/start-here-jobseeker/job-search-help-bus-passes-more/\", \"owner\": 1, \"seo_title\": \"\", \"show_in_menus\": false, \"search_description\": \"\", \"go_live_at\": null, \"expire_at\": null, \"expired\": false, \"locked\": false, \"first_published_at\": null, \"last_published_at\": null, \"latest_revision_created_at\": null, \"live_revision\": null, \"page_body\": \"\", \"form_submission_message\": \"Based on your choices we suggest looking at the following:\", \"question\": \"\", \"choices\": \"[]\", \"has_strict_rules\": false, \"rules\": \"[]\", \"default_steps\": \"[]\"}", "approved_go_live_at": null}}, {"model": "wagtailcore.pagerevision", "pk": 7, "fields": {"page": 8, "submitted_for_moderation": false, "created_at": "2017-10-13T21:39:57.079Z", "user": 1, "content_json": "{\"pk\": 8, \"path\": \"000100020005\", \"depth\": 3, \"numchild\": 0, \"title\": \"Ready to Work!\", \"draft_title\": \"Ready to Work!\", \"slug\": \"ready-work\", \"content_type\": 9, \"live\": true, \"has_unpublished_changes\": false, \"url_path\": \"/start-here-jobseeker/ready-work/\", \"owner\": 1, \"seo_title\": \"\", \"show_in_menus\": false, \"search_description\": \"\", \"go_live_at\": null, \"expire_at\": null, \"expired\": false, \"locked\": false, \"first_published_at\": null, \"last_published_at\": null, \"latest_revision_created_at\": null, \"live_revision\": null, \"page_body\": \"<p><p><p><p>Once you're ready to work, you can start applying for jobs. These days most employers want you to apply online. Here are a list of websites you can use to find the job you want!</p></p></p></p><p><p></p></p>\", \"form_submission_message\": \"Based on your choices we suggest looking at the following:\", \"question\": \"\", \"choices\": \"[]\", \"has_strict_rules\": false, \"rules\": \"[]\", \"default_steps\": \"[]\"}", "approved_go_live_at": null}}, {"model": "wagtailcore.pagerevision", "pk": 8, "fields": {"page": 9, "submitted_for_moderation": false, "created_at": "2017-10-13T21:40:18.629Z", "user": 1, "content_json": "{\"pk\": 9, \"path\": \"000100020006\", \"depth\": 3, \"numchild\": 0, \"title\": \"Medical Assistance\", \"draft_title\": \"Medical Assistance\", \"slug\": \"medical-assistance\", \"content_type\": 9, \"live\": true, \"has_unpublished_changes\": false, \"url_path\": \"/start-here-jobseeker/medical-assistance/\", \"owner\": 1, \"seo_title\": \"\", \"show_in_menus\": false, \"search_description\": \"\", \"go_live_at\": null, \"expire_at\": null, \"expired\": false, \"locked\": false, \"first_published_at\": null, \"last_published_at\": null, \"latest_revision_created_at\": null, \"live_revision\": null, \"page_body\": \"<p><p><p><p>Your health is very important to your job search success. The healthier you are, the more job opportunities you have and the better you can perform when you have a job.\\u00a0</p></p></p></p><p><p></p></p>\", \"form_submission_message\": \"Based on your choices we suggest looking at the following:\", \"question\": \"\", \"choices\": \"[]\", \"has_strict_rules\": false, \"rules\": \"[]\", \"default_steps\": \"[]\"}", "approved_go_live_at": null}}, {"model": "wagtailcore.pagerevision", "pk": 9, "fields": {"page": 10, "submitted_for_moderation": false, "created_at": "2017-10-13T21:40:34.711Z", "user": 1, "content_json": "{\"pk\": 10, \"path\": \"000100020007\", \"depth\": 3, \"numchild\": 0, \"title\": \"Public Assistance\", \"draft_title\": \"Public Assistance\", \"slug\": \"public-assistance\", \"content_type\": 9, \"live\": true, \"has_unpublished_changes\": false, \"url_path\": \"/start-here-jobseeker/public-assistance/\", \"owner\": 1, \"seo_title\": \"\", \"show_in_menus\": false, \"search_description\": \"\", \"go_live_at\": null, \"expire_at\": null, \"expired\": false, \"locked\": false, \"first_published_at\": null, \"last_published_at\": null, \"latest_revision_created_at\": null, \"live_revision\": null, \"page_body\": \"\", \"form_submission_message\": \"Based on your choices we suggest looking at the following:\", \"question\": \"\", \"choices\": \"[]\", \"has_strict_rules\": false, \"rules\": \"[]\", \"default_steps\": \"[]\"}", "approved_go_live_at": null}}, {"model": "wagtailcore.pagerevision", "pk": 10, "fields": {"page": 3, "submitted_for_moderation": false, "created_at": "2017-10-13T21:41:40.462Z", "user": 1, "content_json": "{\"pk\": 3, \"path\": \"00010002\", \"depth\": 2, \"numchild\": 7, \"title\": \"Start Here Jobseeker\", \"draft_title\": \"Start Here Jobseeker\", \"slug\": \"start-here-jobseeker\", \"content_type\": 5, \"live\": true, \"has_unpublished_changes\": false, \"url_path\": \"/start-here-jobseeker/\", \"owner\": 1, \"seo_title\": \"\", \"show_in_menus\": false, \"search_description\": \"\", \"go_live_at\": null, \"expire_at\": null, \"expired\": false, \"locked\": false, \"first_published_at\": \"2017-10-13T21:39:02.414Z\", \"last_published_at\": \"2017-10-13T21:39:02.414Z\", \"latest_revision_created_at\": \"2017-10-13T21:39:02.395Z\", \"live_revision\": 4, \"mission_statement\": \"Everything you need to make your job search a piece of cake!\", \"video\": \"\", \"sections\": \"[{\\\"type\\\": \\\"section\\\", \\\"value\\\": {\\\"title\\\": \\\"Before you start...\\\", \\\"pages\\\": [4, 5], \\\"image\\\": null}, \\\"id\\\": \\\"e4c2cb48-bae1-42db-b915-315a63966c8d\\\"}, {\\\"type\\\": \\\"section\\\", \\\"value\\\": {\\\"title\\\": \\\"I am ready to work!\\\", \\\"pages\\\": [6, 7, 8], \\\"image\\\": null}, \\\"id\\\": \\\"9ebbb909-44a9-4853-84cc-647ec8348420\\\"}, {\\\"type\\\": \\\"section\\\", \\\"value\\\": {\\\"title\\\": \\\"Take care of yourself\\\", \\\"pages\\\": [9, 10], \\\"image\\\": null}, \\\"id\\\": \\\"3fa1d59f-e47d-4234-90e3-965a9b57ddf0\\\"}]\"}", "approved_go_live_at": null}}, {"model": "wagtailcore.pagerevision", "pk": 11, "fields": {"page": 3, "submitted_for_moderation": false, "created_at": "2017-10-13T21:47:59.174Z", "user": 1, "content_json": "{\"pk\": 3, \"path\": \"00010002\", \"depth\": 2, \"numchild\": 7, \"title\": \"Start Here Dude\", \"draft_title\": \"Start Here Jobseeker\", \"slug\": \"start-here-jobseeker\", \"content_type\": 5, \"live\": true, \"has_unpublished_changes\": false, \"url_path\": \"/start-here-jobseeker/\", \"owner\": 1, \"seo_title\": \"\", \"show_in_menus\": false, \"search_description\": \"\", \"go_live_at\": null, \"expire_at\": null, \"expired\": false, \"locked\": false, \"first_published_at\": \"2017-10-13T21:39:02.414Z\", \"last_published_at\": \"2017-10-13T21:41:40.481Z\", \"latest_revision_created_at\": \"2017-10-13T21:41:40.462Z\", \"live_revision\": 10, \"mission_statement\": \"Everything you need to make your job search a piece of cake!\", \"video\": \"\", \"sections\": \"[{\\\"type\\\": \\\"section\\\", \\\"value\\\": {\\\"title\\\": \\\"Before you start...\\\", \\\"pages\\\": [4, 5], \\\"image\\\": null}, \\\"id\\\": \\\"e4c2cb48-bae1-42db-b915-315a63966c8d\\\"}, {\\\"type\\\": \\\"section\\\", \\\"value\\\": {\\\"title\\\": \\\"I am ready to work!\\\", \\\"pages\\\": [6, 7, 8], \\\"image\\\": null}, \\\"id\\\": \\\"9ebbb909-44a9-4853-84cc-647ec8348420\\\"}, {\\\"type\\\": \\\"section\\\", \\\"value\\\": {\\\"title\\\": \\\"Take care of yourself\\\", \\\"pages\\\": [9, 10], \\\"image\\\": null}, \\\"id\\\": \\\"3fa1d59f-e47d-4234-90e3-965a9b57ddf0\\\"}]\"}", "approved_go_live_at": null}}, {"model": "wagtailcore.pagerevision", "pk": 12, "fields": {"page": 3, "submitted_for_moderation": false, "created_at": "2017-10-13T22:42:35.361Z", "user": 1, "content_json": "{\"pk\": 3, \"path\": \"00010002\", \"depth\": 2, \"numchild\": 7, \"title\": \"Start Here Bizness\", \"draft_title\": \"Start Here Jobseeker\", \"slug\": \"start-here-jobseeker\", \"content_type\": 5, \"live\": true, \"has_unpublished_changes\": false, \"url_path\": \"/start-here-jobseeker/\", \"owner\": 1, \"seo_title\": \"\", \"show_in_menus\": false, \"search_description\": \"\", \"go_live_at\": null, \"expire_at\": null, \"expired\": false, \"locked\": false, \"first_published_at\": \"2017-10-13T21:39:02.414Z\", \"last_published_at\": \"2017-10-13T21:41:40.481Z\", \"latest_revision_created_at\": \"2017-10-13T21:41:40.462Z\", \"live_revision\": 10, \"mission_statement\": \"Everything you need to make starting your business a piece of cake!\", \"video\": \"\", \"sections\": \"[{\\\"type\\\": \\\"section\\\", \\\"value\\\": {\\\"title\\\": \\\"Plan!\\\", \\\"pages\\\": [4, 5], \\\"image\\\": null}, \\\"id\\\": \\\"e4c2cb48-bae1-42db-b915-315a63966c8d\\\"}, {\\\"type\\\": \\\"section\\\", \\\"value\\\": {\\\"title\\\": \\\"Launch\\\", \\\"pages\\\": [6, 7, 8], \\\"image\\\": null}, \\\"id\\\": \\\"9ebbb909-44a9-4853-84cc-647ec8348420\\\"}, {\\\"type\\\": \\\"section\\\", \\\"value\\\": {\\\"title\\\": \\\"Grow\\\", \\\"pages\\\": [9, 10], \\\"image\\\": null}, \\\"id\\\": \\\"3fa1d59f-e47d-4234-90e3-965a9b57ddf0\\\"}]\"}", "approved_go_live_at": null}}, {"model": "wagtailcore.pagerevision", "pk": 13, "fields": {"page": 10, "submitted_for_moderation": false, "created_at": "2017-10-13T22:43:10.971Z", "user": 1, "content_json": "{\"pk\": 10, \"path\": \"000100020007\", \"depth\": 3, \"numchild\": 0, \"title\": \"Get an Idea\", \"draft_title\": \"Public Assistance\", \"slug\": \"public-assistance\", \"content_type\": 9, \"live\": true, \"has_unpublished_changes\": false, \"url_path\": \"/start-here-jobseeker/public-assistance/\", \"owner\": 1, \"seo_title\": \"\", \"show_in_menus\": false, \"search_description\": \"\", \"go_live_at\": null, \"expire_at\": null, \"expired\": false, \"locked\": false, \"first_published_at\": \"2017-10-13T21:40:34.730Z\", \"last_published_at\": \"2017-10-13T21:40:34.730Z\", \"latest_revision_created_at\": \"2017-10-13T21:40:34.711Z\", \"live_revision\": 9, \"page_body\": \"\", \"form_submission_message\": \"Based on your choices we suggest looking at the following:\", \"question\": \"\", \"choices\": \"[]\", \"has_strict_rules\": false, \"rules\": \"[]\", \"default_steps\": \"[]\"}", "approved_go_live_at": null}}, {"model": "wagtailcore.pagerevision", "pk": 14, "fields": {"page": 9, "submitted_for_moderation": false, "created_at": "2017-10-13T22:43:23.703Z", "user": 1, "content_json": "{\"pk\": 9, \"path\": \"000100020006\", \"depth\": 3, \"numchild\": 0, \"title\": \"Find Funding and Resources\", \"draft_title\": \"Medical Assistance\", \"slug\": \"medical-assistance\", \"content_type\": 9, \"live\": true, \"has_unpublished_changes\": false, \"url_path\": \"/start-here-jobseeker/medical-assistance/\", \"owner\": 1, \"seo_title\": \"\", \"show_in_menus\": false, \"search_description\": \"\", \"go_live_at\": null, \"expire_at\": null, \"expired\": false, \"locked\": false, \"first_published_at\": \"2017-10-13T21:40:18.649Z\", \"last_published_at\": \"2017-10-13T21:40:18.649Z\", \"latest_revision_created_at\": \"2017-10-13T21:40:18.629Z\", \"live_revision\": 8, \"page_body\": \"<p></p><p></p><p></p><p><br/></p><p></p><p></p><p></p><p></p><p></p><p></p>\", \"form_submission_message\": \"Based on your choices we suggest looking at the following:\", \"question\": \"\", \"choices\": \"[]\", \"has_strict_rules\": false, \"rules\": \"[]\", \"default_steps\": \"[]\"}", "approved_go_live_at": null}}, {"model": "wagtailcore.pagerevision", "pk": 15, "fields": {"page": 8, "submitted_for_moderation": false, "created_at": "2017-10-13T22:43:45.454Z", "user": 1, "content_json": "{\"pk\": 8, \"path\": \"000100020005\", \"depth\": 3, \"numchild\": 0, \"title\": \"Plan your strategy and finances\", \"draft_title\": \"Ready to Work!\", \"slug\": \"ready-work\", \"content_type\": 9, \"live\": true, \"has_unpublished_changes\": false, \"url_path\": \"/start-here-jobseeker/ready-work/\", \"owner\": 1, \"seo_title\": \"\", \"show_in_menus\": false, \"search_description\": \"\", \"go_live_at\": null, \"expire_at\": null, \"expired\": false, \"locked\": false, \"first_published_at\": \"2017-10-13T21:39:57.099Z\", \"last_published_at\": \"2017-10-13T21:39:57.099Z\", \"latest_revision_created_at\": \"2017-10-13T21:39:57.079Z\", \"live_revision\": 7, \"page_body\": \"<p></p><p></p><p></p><p><br/></p><p></p><p></p><p></p><p></p><p></p><p></p>\", \"form_submission_message\": \"Based on your choices we suggest looking at the following:\", \"question\": \"\", \"choices\": \"[]\", \"has_strict_rules\": false, \"rules\": \"[]\", \"default_steps\": \"[]\"}", "approved_go_live_at": null}}, {"model": "wagtailcore.pagerevision", "pk": 16, "fields": {"page": 7, "submitted_for_moderation": false, "created_at": "2017-10-13T22:44:17.806Z", "user": 1, "content_json": "{\"pk\": 7, \"path\": \"000100020004\", \"depth\": 3, \"numchild\": 0, \"title\": \"Determine Property Type and Licenses\", \"draft_title\": \"Job Search Help (Bus Passes & More)\", \"slug\": \"job-search-help-bus-passes-more\", \"content_type\": 9, \"live\": true, \"has_unpublished_changes\": false, \"url_path\": \"/start-here-jobseeker/job-search-help-bus-passes-more/\", \"owner\": 1, \"seo_title\": \"\", \"show_in_menus\": false, \"search_description\": \"\", \"go_live_at\": null, \"expire_at\": null, \"expired\": false, \"locked\": false, \"first_published_at\": \"2017-10-13T21:39:42.349Z\", \"last_published_at\": \"2017-10-13T21:39:42.349Z\", \"latest_revision_created_at\": \"2017-10-13T21:39:42.332Z\", \"live_revision\": 6, \"page_body\": \"\", \"form_submission_message\": \"Based on your choices we suggest looking at the following:\", \"question\": \"\", \"choices\": \"[]\", \"has_strict_rules\": false, \"rules\": \"[]\", \"default_steps\": \"[]\"}", "approved_go_live_at": null}}, {"model": "wagtailcore.pagerevision", "pk": 17, "fields": {"page": 6, "submitted_for_moderation": false, "created_at": "2017-10-13T22:44:57.868Z", "user": 1, "content_json": "{\"pk\": 6, \"path\": \"000100020003\", \"depth\": 3, \"numchild\": 0, \"title\": \"Zoning Check\", \"draft_title\": \"Create the Right Resume\", \"slug\": \"create-right-resume\", \"content_type\": 9, \"live\": true, \"has_unpublished_changes\": false, \"url_path\": \"/start-here-jobseeker/create-right-resume/\", \"owner\": 1, \"seo_title\": \"\", \"show_in_menus\": false, \"search_description\": \"\", \"go_live_at\": null, \"expire_at\": null, \"expired\": false, \"locked\": false, \"first_published_at\": \"2017-10-13T21:39:26.308Z\", \"last_published_at\": \"2017-10-13T21:39:26.308Z\", \"latest_revision_created_at\": \"2017-10-13T21:39:26.289Z\", \"live_revision\": 5, \"page_body\": \"<p></p><p></p><p></p><p><br/></p><p></p><p></p><p></p><p></p><p></p><p></p>\", \"form_submission_message\": \"Based on your choices we suggest looking at the following:\", \"question\": \"\", \"choices\": \"[]\", \"has_strict_rules\": false, \"rules\": \"[]\", \"default_steps\": \"[]\"}", "approved_go_live_at": null}}, {"model": "wagtailcore.pagerevision", "pk": 18, "fields": {"page": 5, "submitted_for_moderation": false, "created_at": "2017-10-13T22:45:21.777Z", "user": 1, "content_json": "{\"pk\": 5, \"path\": \"000100020002\", \"depth\": 3, \"numchild\": 0, \"title\": \"Site Selection and Plan Check\", \"draft_title\": \"Get Your Identification\", \"slug\": \"get-your-identification\", \"content_type\": 9, \"live\": true, \"has_unpublished_changes\": false, \"url_path\": \"/start-here-jobseeker/get-your-identification/\", \"owner\": 1, \"seo_title\": \"\", \"show_in_menus\": false, \"search_description\": \"\", \"go_live_at\": null, \"expire_at\": null, \"expired\": false, \"locked\": false, \"first_published_at\": \"2017-10-13T21:38:52.505Z\", \"last_published_at\": \"2017-10-13T21:38:52.505Z\", \"latest_revision_created_at\": \"2017-10-13T21:38:52.486Z\", \"live_revision\": 3, \"page_body\": \"<p></p><p></p><p></p><h4><br/></h4><p></p><p></p><p></p><p></p><p></p><p></p>\", \"form_submission_message\": \"Based on your choices we suggest looking at the following:\", \"question\": \"\", \"choices\": \"[]\", \"has_strict_rules\": false, \"rules\": \"[]\", \"default_steps\": \"[]\"}", "approved_go_live_at": null}}, {"model": "wagtailcore.pagerevision", "pk": 19, "fields": {"page": 4, "submitted_for_moderation": false, "created_at": "2017-10-13T22:45:42.468Z", "user": 1, "content_json": "{\"pk\": 4, \"path\": \"000100020001\", \"depth\": 3, \"numchild\": 0, \"title\": \"Find Employees\", \"draft_title\": \"Find Housing\", \"slug\": \"find-housing\", \"content_type\": 9, \"live\": true, \"has_unpublished_changes\": false, \"url_path\": \"/start-here-jobseeker/find-housing/\", \"owner\": 1, \"seo_title\": \"\", \"show_in_menus\": false, \"search_description\": \"\", \"go_live_at\": null, \"expire_at\": null, \"expired\": false, \"locked\": false, \"first_published_at\": \"2017-10-13T21:38:34.791Z\", \"last_published_at\": \"2017-10-13T21:38:34.791Z\", \"latest_revision_created_at\": \"2017-10-13T21:38:34.774Z\", \"live_revision\": 2, \"page_body\": \"\", \"form_submission_message\": \"Based on your choices we suggest looking at the following:\", \"question\": \"\", \"choices\": \"[]\", \"has_strict_rules\": false, \"rules\": \"[]\", \"default_steps\": \"[]\"}", "approved_go_live_at": null}}, {"model": "wagtailcore.pagerevision", "pk": 20, "fields": {"page": 11, "submitted_for_moderation": false, "created_at": "2017-10-13T22:46:01.825Z", "user": 1, "content_json": "{\"pk\": 11, \"path\": \"000100020008\", \"depth\": 3, \"numchild\": 0, \"title\": \"Pay your Business Taxes\", \"draft_title\": \"Pay your Business Taxes\", \"slug\": \"pay-your-business-taxes\", \"content_type\": 9, \"live\": true, \"has_unpublished_changes\": false, \"url_path\": \"/start-here-jobseeker/pay-your-business-taxes/\", \"owner\": 1, \"seo_title\": \"\", \"show_in_menus\": false, \"search_description\": \"\", \"go_live_at\": null, \"expire_at\": null, \"expired\": false, \"locked\": false, \"first_published_at\": null, \"last_published_at\": null, \"latest_revision_created_at\": null, \"live_revision\": null, \"page_body\": \"\", \"form_submission_message\": \"Based on your choices we suggest looking at the following:\", \"question\": \"\", \"choices\": \"[]\", \"has_strict_rules\": false, \"rules\": \"[]\", \"default_steps\": \"[]\"}", "approved_go_live_at": null}}, {"model": "wagtailcore.pagerevision", "pk": 21, "fields": {"page": 3, "submitted_for_moderation": false, "created_at": "2017-10-13T22:47:46.827Z", "user": 1, "content_json": "{\"pk\": 3, \"path\": \"00010002\", \"depth\": 2, \"numchild\": 8, \"title\": \"Start Here Bizness\", \"draft_title\": \"Start Here Bizness\", \"slug\": \"start-here-jobseeker\", \"content_type\": 5, \"live\": true, \"has_unpublished_changes\": false, \"url_path\": \"/start-here-jobseeker/\", \"owner\": 1, \"seo_title\": \"\", \"show_in_menus\": false, \"search_description\": \"\", \"go_live_at\": null, \"expire_at\": null, \"expired\": false, \"locked\": false, \"first_published_at\": \"2017-10-13T21:39:02.414Z\", \"last_published_at\": \"2017-10-13T22:42:35.392Z\", \"latest_revision_created_at\": \"2017-10-13T22:42:35.361Z\", \"live_revision\": 12, \"mission_statement\": \"Everything you need to make starting your business a piece of cake!\", \"video\": \"\", \"sections\": \"[{\\\"type\\\": \\\"section\\\", \\\"value\\\": {\\\"title\\\": \\\"Plan!\\\", \\\"pages\\\": [10, 9, 7, 8], \\\"image\\\": null}, \\\"id\\\": \\\"e4c2cb48-bae1-42db-b915-315a63966c8d\\\"}, {\\\"type\\\": \\\"section\\\", \\\"value\\\": {\\\"title\\\": \\\"Launch\\\", \\\"pages\\\": [6, 5], \\\"image\\\": null}, \\\"id\\\": \\\"9ebbb909-44a9-4853-84cc-647ec8348420\\\"}, {\\\"type\\\": \\\"section\\\", \\\"value\\\": {\\\"title\\\": \\\"Grow\\\", \\\"pages\\\": [4, 11], \\\"image\\\": null}, \\\"id\\\": \\\"3fa1d59f-e47d-4234-90e3-965a9b57ddf0\\\"}]\"}", "approved_go_live_at": null}}, {"model": "wagtailcore.pagerevision", "pk": 22, "fields": {"page": 12, "submitted_for_moderation": false, "created_at": "2017-10-13T22:49:16.095Z", "user": 1, "content_json": "{\"pk\": 12, \"path\": \"000100020009\", \"depth\": 3, \"numchild\": 0, \"title\": \"Marketing\", \"draft_title\": \"Marketing\", \"slug\": \"marketing\", \"content_type\": 9, \"live\": true, \"has_unpublished_changes\": false, \"url_path\": \"/start-here-jobseeker/marketing/\", \"owner\": 1, \"seo_title\": \"\", \"show_in_menus\": false, \"search_description\": \"\", \"go_live_at\": null, \"expire_at\": null, \"expired\": false, \"locked\": false, \"first_published_at\": null, \"last_published_at\": null, \"latest_revision_created_at\": null, \"live_revision\": null, \"page_body\": \"\", \"form_submission_message\": \"Based on your choices we suggest looking at the following:\", \"question\": \"\", \"choices\": \"[]\", \"has_strict_rules\": false, \"rules\": \"[]\", \"default_steps\": \"[]\"}", "approved_go_live_at": null}}, {"model": "wagtailcore.pagerevision", "pk": 23, "fields": {"page": 13, "submitted_for_moderation": false, "created_at": "2017-10-13T22:49:26.877Z", "user": 1, "content_json": "{\"pk\": 13, \"path\": \"00010002000A\", \"depth\": 3, \"numchild\": 0, \"title\": \"Work with the city\", \"draft_title\": \"Work with the city\", \"slug\": \"work-city\", \"content_type\": 9, \"live\": true, \"has_unpublished_changes\": false, \"url_path\": \"/start-here-jobseeker/work-city/\", \"owner\": 1, \"seo_title\": \"\", \"show_in_menus\": false, \"search_description\": \"\", \"go_live_at\": null, \"expire_at\": null, \"expired\": false, \"locked\": false, \"first_published_at\": null, \"last_published_at\": null, \"latest_revision_created_at\": null, \"live_revision\": null, \"page_body\": \"\", \"form_submission_message\": \"Based on your choices we suggest looking at the following:\", \"question\": \"\", \"choices\": \"[]\", \"has_strict_rules\": false, \"rules\": \"[]\", \"default_steps\": \"[]\"}", "approved_go_live_at": null}}, {"model": "wagtailcore.pagerevision", "pk": 24, "fields": {"page": 11, "submitted_for_moderation": false, "created_at": "2017-10-13T22:49:34.106Z", "user": 1, "content_json": "{\"pk\": 11, \"path\": \"000100020008\", \"depth\": 3, \"numchild\": 0, \"title\": \"Pay your business taxes\", \"draft_title\": \"Pay your Business Taxes\", \"slug\": \"pay-your-business-taxes\", \"content_type\": 9, \"live\": true, \"has_unpublished_changes\": false, \"url_path\": \"/start-here-jobseeker/pay-your-business-taxes/\", \"owner\": 1, \"seo_title\": \"\", \"show_in_menus\": false, \"search_description\": \"\", \"go_live_at\": null, \"expire_at\": null, \"expired\": false, \"locked\": false, \"first_published_at\": \"2017-10-13T22:46:01.847Z\", \"last_published_at\": \"2017-10-13T22:46:01.847Z\", \"latest_revision_created_at\": \"2017-10-13T22:46:01.825Z\", \"live_revision\": 20, \"page_body\": \"\", \"form_submission_message\": \"Based on your choices we suggest looking at the following:\", \"question\": \"\", \"choices\": \"[]\", \"has_strict_rules\": false, \"rules\": \"[]\", \"default_steps\": \"[]\"}", "approved_go_live_at": null}}, {"model": "wagtailcore.pagerevision", "pk": 25, "fields": {"page": 5, "submitted_for_moderation": false, "created_at": "2017-10-13T22:49:43.532Z", "user": 1, "content_json": "{\"pk\": 5, \"path\": \"000100020002\", \"depth\": 3, \"numchild\": 0, \"title\": \"Site selection and plan check\", \"draft_title\": \"Site Selection and Plan Check\", \"slug\": \"get-your-identification\", \"content_type\": 9, \"live\": true, \"has_unpublished_changes\": false, \"url_path\": \"/start-here-jobseeker/get-your-identification/\", \"owner\": 1, \"seo_title\": \"\", \"show_in_menus\": false, \"search_description\": \"\", \"go_live_at\": null, \"expire_at\": null, \"expired\": false, \"locked\": false, \"first_published_at\": \"2017-10-13T21:38:52.505Z\", \"last_published_at\": \"2017-10-13T22:45:21.799Z\", \"latest_revision_created_at\": \"2017-10-13T22:45:21.777Z\", \"live_revision\": 18, \"page_body\": \"<p></p><p></p><p></p><h4><br/></h4><p></p><p></p><p></p><p></p><p></p><p></p>\", \"form_submission_message\": \"Based on your choices we suggest looking at the following:\", \"question\": \"\", \"choices\": \"[]\", \"has_strict_rules\": false, \"rules\": \"[]\", \"default_steps\": \"[]\"}", "approved_go_live_at": null}}, {"model": "wagtailcore.pagerevision", "pk": 26, "fields": {"page": 4, "submitted_for_moderation": false, "created_at": "2017-10-13T22:49:51.118Z", "user": 1, "content_json": "{\"pk\": 4, \"path\": \"000100020001\", \"depth\": 3, \"numchild\": 0, \"title\": \"Find employees\", \"draft_title\": \"Find Employees\", \"slug\": \"find-housing\", \"content_type\": 9, \"live\": true, \"has_unpublished_changes\": false, \"url_path\": \"/start-here-jobseeker/find-housing/\", \"owner\": 1, \"seo_title\": \"\", \"show_in_menus\": false, \"search_description\": \"\", \"go_live_at\": null, \"expire_at\": null, \"expired\": false, \"locked\": false, \"first_published_at\": \"2017-10-13T21:38:34.791Z\", \"last_published_at\": \"2017-10-13T22:45:42.493Z\", \"latest_revision_created_at\": \"2017-10-13T22:45:42.468Z\", \"live_revision\": 19, \"page_body\": \"\", \"form_submission_message\": \"Based on your choices we suggest looking at the following:\", \"question\": \"\", \"choices\": \"[]\", \"has_strict_rules\": false, \"rules\": \"[]\", \"default_steps\": \"[]\"}", "approved_go_live_at": null}}, {"model": "wagtailcore.pagerevision", "pk": 27, "fields": {"page": 7, "submitted_for_moderation": false, "created_at": "2017-10-13T22:50:01.060Z", "user": 1, "content_json": "{\"pk\": 7, \"path\": \"000100020004\", \"depth\": 3, \"numchild\": 0, \"title\": \"Determine property type and licenses\", \"draft_title\": \"Determine Property Type and Licenses\", \"slug\": \"job-search-help-bus-passes-more\", \"content_type\": 9, \"live\": true, \"has_unpublished_changes\": false, \"url_path\": \"/start-here-jobseeker/job-search-help-bus-passes-more/\", \"owner\": 1, \"seo_title\": \"\", \"show_in_menus\": false, \"search_description\": \"\", \"go_live_at\": null, \"expire_at\": null, \"expired\": false, \"locked\": false, \"first_published_at\": \"2017-10-13T21:39:42.349Z\", \"last_published_at\": \"2017-10-13T22:44:17.830Z\", \"latest_revision_created_at\": \"2017-10-13T22:44:17.806Z\", \"live_revision\": 16, \"page_body\": \"\", \"form_submission_message\": \"Based on your choices we suggest looking at the following:\", \"question\": \"\", \"choices\": \"[]\", \"has_strict_rules\": false, \"rules\": \"[]\", \"default_steps\": \"[]\"}", "approved_go_live_at": null}}, {"model": "wagtailcore.pagerevision", "pk": 28, "fields": {"page": 6, "submitted_for_moderation": false, "created_at": "2017-10-13T22:50:07.090Z", "user": 1, "content_json": "{\"pk\": 6, \"path\": \"000100020003\", \"depth\": 3, \"numchild\": 0, \"title\": \"Zoning check\", \"draft_title\": \"Zoning Check\", \"slug\": \"create-right-resume\", \"content_type\": 9, \"live\": true, \"has_unpublished_changes\": false, \"url_path\": \"/start-here-jobseeker/create-right-resume/\", \"owner\": 1, \"seo_title\": \"\", \"show_in_menus\": false, \"search_description\": \"\", \"go_live_at\": null, \"expire_at\": null, \"expired\": false, \"locked\": false, \"first_published_at\": \"2017-10-13T21:39:26.308Z\", \"last_published_at\": \"2017-10-13T22:44:57.894Z\", \"latest_revision_created_at\": \"2017-10-13T22:44:57.868Z\", \"live_revision\": 17, \"page_body\": \"<p></p><p></p><p></p><p><br/></p><p></p><p></p><p></p><p></p><p></p><p></p>\", \"form_submission_message\": \"Based on your choices we suggest looking at the following:\", \"question\": \"\", \"choices\": \"[]\", \"has_strict_rules\": false, \"rules\": \"[]\", \"default_steps\": \"[]\"}", "approved_go_live_at": null}}, {"model": "wagtailcore.pagerevision", "pk": 29, "fields": {"page": 9, "submitted_for_moderation": false, "created_at": "2017-10-13T22:50:14.844Z", "user": 1, "content_json": "{\"pk\": 9, \"path\": \"000100020006\", \"depth\": 3, \"numchild\": 0, \"title\": \"Find funding and resources\", \"draft_title\": \"Find Funding and Resources\", \"slug\": \"medical-assistance\", \"content_type\": 9, \"live\": true, \"has_unpublished_changes\": false, \"url_path\": \"/start-here-jobseeker/medical-assistance/\", \"owner\": 1, \"seo_title\": \"\", \"show_in_menus\": false, \"search_description\": \"\", \"go_live_at\": null, \"expire_at\": null, \"expired\": false, \"locked\": false, \"first_published_at\": \"2017-10-13T21:40:18.649Z\", \"last_published_at\": \"2017-10-13T22:43:23.724Z\", \"latest_revision_created_at\": \"2017-10-13T22:43:23.703Z\", \"live_revision\": 14, \"page_body\": \"<p></p><p></p><p></p><p><br/></p><p></p><p></p><p></p><p></p><p></p><p></p>\", \"form_submission_message\": \"Based on your choices we suggest looking at the following:\", \"question\": \"\", \"choices\": \"[]\", \"has_strict_rules\": false, \"rules\": \"[]\", \"default_steps\": \"[]\"}", "approved_go_live_at": null}}, {"model": "wagtailcore.pagerevision", "pk": 30, "fields": {"page": 10, "submitted_for_moderation": false, "created_at": "2017-10-13T22:50:21.577Z", "user": 1, "content_json": "{\"pk\": 10, \"path\": \"000100020007\", \"depth\": 3, \"numchild\": 0, \"title\": \"Get an idea\", \"draft_title\": \"Get an Idea\", \"slug\": \"public-assistance\", \"content_type\": 9, \"live\": true, \"has_unpublished_changes\": false, \"url_path\": \"/start-here-jobseeker/public-assistance/\", \"owner\": 1, \"seo_title\": \"\", \"show_in_menus\": false, \"search_description\": \"\", \"go_live_at\": null, \"expire_at\": null, \"expired\": false, \"locked\": false, \"first_published_at\": \"2017-10-13T21:40:34.730Z\", \"last_published_at\": \"2017-10-13T22:43:10.997Z\", \"latest_revision_created_at\": \"2017-10-13T22:43:10.971Z\", \"live_revision\": 13, \"page_body\": \"\", \"form_submission_message\": \"Based on your choices we suggest looking at the following:\", \"question\": \"\", \"choices\": \"[]\", \"has_strict_rules\": false, \"rules\": \"[]\", \"default_steps\": \"[]\"}", "approved_go_live_at": null}}, {"model": "wagtailcore.pagerevision", "pk": 31, "fields": {"page": 14, "submitted_for_moderation": false, "created_at": "2017-10-13T22:50:31.376Z", "user": 1, "content_json": "{\"pk\": 14, \"path\": \"00010002000B\", \"depth\": 3, \"numchild\": 0, \"title\": \"Networking\", \"draft_title\": \"Networking\", \"slug\": \"networking\", \"content_type\": 9, \"live\": true, \"has_unpublished_changes\": false, \"url_path\": \"/start-here-jobseeker/networking/\", \"owner\": 1, \"seo_title\": \"\", \"show_in_menus\": false, \"search_description\": \"\", \"go_live_at\": null, \"expire_at\": null, \"expired\": false, \"locked\": false, \"first_published_at\": null, \"last_published_at\": null, \"latest_revision_created_at\": null, \"live_revision\": null, \"page_body\": \"\", \"form_submission_message\": \"Based on your choices we suggest looking at the following:\", \"question\": \"\", \"choices\": \"[]\", \"has_strict_rules\": false, \"rules\": \"[]\", \"default_steps\": \"[]\"}", "approved_go_live_at": null}}, {"model": "wagtailcore.pagerevision", "pk": 32, "fields": {"page": 3, "submitted_for_moderation": false, "created_at": "2017-10-13T22:50:55.319Z", "user": 1, "content_json": "{\"pk\": 3, \"path\": \"00010002\", \"depth\": 2, \"numchild\": 11, \"title\": \"Start Here Bizness\", \"draft_title\": \"Start Here Bizness\", \"slug\": \"start-here-jobseeker\", \"content_type\": 5, \"live\": true, \"has_unpublished_changes\": false, \"url_path\": \"/start-here-jobseeker/\", \"owner\": 1, \"seo_title\": \"\", \"show_in_menus\": false, \"search_description\": \"\", \"go_live_at\": null, \"expire_at\": null, \"expired\": false, \"locked\": false, \"first_published_at\": \"2017-10-13T21:39:02.414Z\", \"last_published_at\": \"2017-10-13T22:47:46.851Z\", \"latest_revision_created_at\": \"2017-10-13T22:47:46.827Z\", \"live_revision\": 21, \"mission_statement\": \"Everything you need to make starting your business a piece of cake!\", \"video\": \"\", \"sections\": \"[{\\\"type\\\": \\\"section\\\", \\\"value\\\": {\\\"title\\\": \\\"Plan!\\\", \\\"pages\\\": [10, 9, 7, 8], \\\"image\\\": null}, \\\"id\\\": \\\"e4c2cb48-bae1-42db-b915-315a63966c8d\\\"}, {\\\"type\\\": \\\"section\\\", \\\"value\\\": {\\\"title\\\": \\\"Launch\\\", \\\"pages\\\": [6, 5], \\\"image\\\": null}, \\\"id\\\": \\\"9ebbb909-44a9-4853-84cc-647ec8348420\\\"}, {\\\"type\\\": \\\"section\\\", \\\"value\\\": {\\\"title\\\": \\\"Grow\\\", \\\"pages\\\": [4, 11, 12, 13, 14], \\\"image\\\": null}, \\\"id\\\": \\\"3fa1d59f-e47d-4234-90e3-965a9b57ddf0\\\"}]\"}", "approved_go_live_at": null}}, {"model": "wagtailcore.pagerevision", "pk": 33, "fields": {"page": 15, "submitted_for_moderation": false, "created_at": "2017-10-13T22:51:25.399Z", "user": 1, "content_json": "{\"pk\": 15, \"path\": \"00010002000C\", \"depth\": 3, \"numchild\": 0, \"title\": \"Register your business\", \"draft_title\": \"Register your business\", \"slug\": \"register-your-business\", \"content_type\": 9, \"live\": true, \"has_unpublished_changes\": false, \"url_path\": \"/start-here-jobseeker/register-your-business/\", \"owner\": 1, \"seo_title\": \"\", \"show_in_menus\": false, \"search_description\": \"\", \"go_live_at\": null, \"expire_at\": null, \"expired\": false, \"locked\": false, \"first_published_at\": null, \"last_published_at\": null, \"latest_revision_created_at\": null, \"live_revision\": null, \"page_body\": \"\", \"form_submission_message\": \"Based on your choices we suggest looking at the following:\", \"question\": \"\", \"choices\": \"[]\", \"has_strict_rules\": false, \"rules\": \"[]\", \"default_steps\": \"[]\"}", "approved_go_live_at": null}}, {"model": "wagtailcore.pagerevision", "pk": 34, "fields": {"page": 16, "submitted_for_moderation": false, "created_at": "2017-10-13T22:51:37.593Z", "user": 1, "content_json": "{\"pk\": 16, \"path\": \"00010002000D\", \"depth\": 3, \"numchild\": 0, \"title\": \"Negotiate your lease\", \"draft_title\": \"Negotiate your lease\", \"slug\": \"negotiate-your-lease\", \"content_type\": 9, \"live\": true, \"has_unpublished_changes\": false, \"url_path\": \"/start-here-jobseeker/negotiate-your-lease/\", \"owner\": 1, \"seo_title\": \"\", \"show_in_menus\": false, \"search_description\": \"\", \"go_live_at\": null, \"expire_at\": null, \"expired\": false, \"locked\": false, \"first_published_at\": null, \"last_published_at\": null, \"latest_revision_created_at\": null, \"live_revision\": null, \"page_body\": \"\", \"form_submission_message\": \"Based on your choices we suggest looking at the following:\", \"question\": \"\", \"choices\": \"[]\", \"has_strict_rules\": false, \"rules\": \"[]\", \"default_steps\": \"[]\"}", "approved_go_live_at": null}}, {"model": "wagtailcore.pagerevision", "pk": 35, "fields": {"page": 17, "submitted_for_moderation": false, "created_at": "2017-10-13T22:51:47.557Z", "user": 1, "content_json": "{\"pk\": 17, \"path\": \"00010002000E\", \"depth\": 3, \"numchild\": 0, \"title\": \"Permits\", \"draft_title\": \"Permits\", \"slug\": \"permits\", \"content_type\": 9, \"live\": true, \"has_unpublished_changes\": false, \"url_path\": \"/start-here-jobseeker/permits/\", \"owner\": 1, \"seo_title\": \"\", \"show_in_menus\": false, \"search_description\": \"\", \"go_live_at\": null, \"expire_at\": null, \"expired\": false, \"locked\": false, \"first_published_at\": null, \"last_published_at\": null, \"latest_revision_created_at\": null, \"live_revision\": null, \"page_body\": \"\", \"form_submission_message\": \"Based on your choices we suggest looking at the following:\", \"question\": \"\", \"choices\": \"[]\", \"has_strict_rules\": false, \"rules\": \"[]\", \"default_steps\": \"[]\"}", "approved_go_live_at": null}}, {"model": "wagtailcore.pagerevision", "pk": 36, "fields": {"page": 18, "submitted_for_moderation": false, "created_at": "2017-10-13T22:51:54.131Z", "user": 1, "content_json": "{\"pk\": 18, \"path\": \"00010002000F\", \"depth\": 3, \"numchild\": 0, \"title\": \"Inspections\", \"draft_title\": \"Inspections\", \"slug\": \"inspections\", \"content_type\": 9, \"live\": true, \"has_unpublished_changes\": false, \"url_path\": \"/start-here-jobseeker/inspections/\", \"owner\": 1, \"seo_title\": \"\", \"show_in_menus\": false, \"search_description\": \"\", \"go_live_at\": null, \"expire_at\": null, \"expired\": false, \"locked\": false, \"first_published_at\": null, \"last_published_at\": null, \"latest_revision_created_at\": null, \"live_revision\": null, \"page_body\": \"\", \"form_submission_message\": \"Based on your choices we suggest looking at the following:\", \"question\": \"\", \"choices\": \"[]\", \"has_strict_rules\": false, \"rules\": \"[]\", \"default_steps\": \"[]\"}", "approved_go_live_at": null}}, {"model": "wagtailcore.pagerevision", "pk": 37, "fields": {"page": 19, "submitted_for_moderation": false, "created_at": "2017-10-13T22:52:02.910Z", "user": 1, "content_json": "{\"pk\": 19, \"path\": \"00010002000G\", \"depth\": 3, \"numchild\": 0, \"title\": \"Renew your license\", \"draft_title\": \"Renew your license\", \"slug\": \"renew-your-license\", \"content_type\": 9, \"live\": true, \"has_unpublished_changes\": false, \"url_path\": \"/start-here-jobseeker/renew-your-license/\", \"owner\": 1, \"seo_title\": \"\", \"show_in_menus\": false, \"search_description\": \"\", \"go_live_at\": null, \"expire_at\": null, \"expired\": false, \"locked\": false, \"first_published_at\": null, \"last_published_at\": null, \"latest_revision_created_at\": null, \"live_revision\": null, \"page_body\": \"\", \"form_submission_message\": \"Based on your choices we suggest looking at the following:\", \"question\": \"\", \"choices\": \"[]\", \"has_strict_rules\": false, \"rules\": \"[]\", \"default_steps\": \"[]\"}", "approved_go_live_at": null}}, {"model": "wagtailcore.pagerevision", "pk": 38, "fields": {"page": 3, "submitted_for_moderation": false, "created_at": "2017-10-13T22:52:36.445Z", "user": 1, "content_json": "{\"pk\": 3, \"path\": \"00010002\", \"depth\": 2, \"numchild\": 16, \"title\": \"Start Here Bizness\", \"draft_title\": \"Start Here Bizness\", \"slug\": \"start-here-jobseeker\", \"content_type\": 5, \"live\": true, \"has_unpublished_changes\": false, \"url_path\": \"/start-here-jobseeker/\", \"owner\": 1, \"seo_title\": \"\", \"show_in_menus\": false, \"search_description\": \"\", \"go_live_at\": null, \"expire_at\": null, \"expired\": false, \"locked\": false, \"first_published_at\": \"2017-10-13T21:39:02.414Z\", \"last_published_at\": \"2017-10-13T22:50:55.345Z\", \"latest_revision_created_at\": \"2017-10-13T22:50:55.319Z\", \"live_revision\": 32, \"mission_statement\": \"Everything you need to make starting your business a piece of cake!\", \"video\": \"\", \"sections\": \"[{\\\"type\\\": \\\"section\\\", \\\"value\\\": {\\\"title\\\": \\\"Plan!\\\", \\\"pages\\\": [10, 9, 7, 8], \\\"image\\\": null}, \\\"id\\\": \\\"e4c2cb48-bae1-42db-b915-315a63966c8d\\\"}, {\\\"type\\\": \\\"section\\\", \\\"value\\\": {\\\"title\\\": \\\"Launch\\\", \\\"pages\\\": [6, 5, 15, 16, 17, 18, 19], \\\"image\\\": null}, \\\"id\\\": \\\"9ebbb909-44a9-4853-84cc-647ec8348420\\\"}, {\\\"type\\\": \\\"section\\\", \\\"value\\\": {\\\"title\\\": \\\"Grow\\\", \\\"pages\\\": [4, 11, 12, 13, 14], \\\"image\\\": null}, \\\"id\\\": \\\"3fa1d59f-e47d-4234-90e3-965a9b57ddf0\\\"}]\"}", "approved_go_live_at": null}}, {"model": "wagtailcore.pagerevision", "pk": 39, "fields": {"page": 3, "submitted_for_moderation": false, "created_at": "2017-10-13T22:57:18.075Z", "user": 1, "content_json": "{\"pk\": 3, \"path\": \"00010002\", \"depth\": 2, \"numchild\": 16, \"title\": \"Start Here Bizness\", \"draft_title\": \"Start Here Bizness\", \"slug\": \"start-here-jobseeker\", \"content_type\": 5, \"live\": true, \"has_unpublished_changes\": false, \"url_path\": \"/start-here-jobseeker/\", \"owner\": 1, \"seo_title\": \"\", \"show_in_menus\": false, \"search_description\": \"\", \"go_live_at\": null, \"expire_at\": null, \"expired\": false, \"locked\": false, \"first_published_at\": \"2017-10-13T21:39:02.414Z\", \"last_published_at\": \"2017-10-13T22:52:36.467Z\", \"latest_revision_created_at\": \"2017-10-13T22:52:36.445Z\", \"live_revision\": 38, \"mission_statement\": \"Everything you need to make starting your business a piece of cake!\", \"video\": \"\", \"sections\": \"[{\\\"type\\\": \\\"section\\\", \\\"value\\\": {\\\"title\\\": \\\"Plan!\\\", \\\"pages\\\": [10, 9, 7, 8], \\\"image\\\": 3}, \\\"id\\\": \\\"e4c2cb48-bae1-42db-b915-315a63966c8d\\\"}, {\\\"type\\\": \\\"section\\\", \\\"value\\\": {\\\"title\\\": \\\"Launch\\\", \\\"pages\\\": [6, 5, 15, 16, 17, 18, 19], \\\"image\\\": 2}, \\\"id\\\": \\\"9ebbb909-44a9-4853-84cc-647ec8348420\\\"}, {\\\"type\\\": \\\"section\\\", \\\"value\\\": {\\\"title\\\": \\\"Grow\\\", \\\"pages\\\": [4, 11, 12, 13, 14], \\\"image\\\": 1}, \\\"id\\\": \\\"3fa1d59f-e47d-4234-90e3-965a9b57ddf0\\\"}]\"}", "approved_go_live_at": null}}, {"model": "wagtailcore.page", "pk": 1, "fields": {"path": "0001", "depth": 1, "numchild": 1, "title": "Root", "draft_title": "Root", "slug": "root", "content_type": 1, "live": true, "has_unpublished_changes": false, "url_path": "/", "owner": null, "seo_title": "", "show_in_menus": false, "search_description": "", "go_live_at": null, "expire_at": null, "expired": false, "locked": false, "first_published_at": null, "last_published_at": null, "latest_revision_created_at": null, "live_revision": null}}, {"model": "wagtailcore.page", "pk": 3, "fields": {"path": "00010002", "depth": 2, "numchild": 16, "title": "Start Here Bizness", "draft_title": "Start Here Bizness", "slug": "start-here-jobseeker", "content_type": 5, "live": true, "has_unpublished_changes": false, "url_path": "/start-here-jobseeker/", "owner": 1, "seo_title": "", "show_in_menus": false, "search_description": "", "go_live_at": null, "expire_at": null, "expired": false, "locked": false, "first_published_at": "2017-10-13T21:39:02.414Z", "last_published_at": "2017-10-13T22:57:18.095Z", "latest_revision_created_at": "2017-10-13T22:57:18.075Z", "live_revision": 39}}, {"model": "wagtailcore.page", "pk": 4, "fields": {"path": "000100020001", "depth": 3, "numchild": 0, "title": "Find employees", "draft_title": "Find employees", "slug": "find-housing", "content_type": 9, "live": true, "has_unpublished_changes": false, "url_path": "/start-here-jobseeker/find-housing/", "owner": 1, "seo_title": "", "show_in_menus": false, "search_description": "", "go_live_at": null, "expire_at": null, "expired": false, "locked": false, "first_published_at": "2017-10-13T21:38:34.791Z", "last_published_at": "2017-10-13T22:49:51.140Z", "latest_revision_created_at": "2017-10-13T22:49:51.118Z", "live_revision": 26}}, {"model": "wagtailcore.page", "pk": 5, "fields": {"path": "000100020002", "depth": 3, "numchild": 0, "title": "Site selection and plan check", "draft_title": "Site selection and plan check", "slug": "get-your-identification", "content_type": 9, "live": true, "has_unpublished_changes": false, "url_path": "/start-here-jobseeker/get-your-identification/", "owner": 1, "seo_title": "", "show_in_menus": false, "search_description": "", "go_live_at": null, "expire_at": null, "expired": false, "locked": false, "first_published_at": "2017-10-13T21:38:52.505Z", "last_published_at": "2017-10-13T22:49:43.553Z", "latest_revision_created_at": "2017-10-13T22:49:43.532Z", "live_revision": 25}}, {"model": "wagtailcore.page", "pk": 6, "fields": {"path": "000100020003", "depth": 3, "numchild": 0, "title": "Zoning check", "draft_title": "Zoning check", "slug": "create-right-resume", "content_type": 9, "live": true, "has_unpublished_changes": false, "url_path": "/start-here-jobseeker/create-right-resume/", "owner": 1, "seo_title": "", "show_in_menus": false, "search_description": "", "go_live_at": null, "expire_at": null, "expired": false, "locked": false, "first_published_at": "2017-10-13T21:39:26.308Z", "last_published_at": "2017-10-13T22:50:07.112Z", "latest_revision_created_at": "2017-10-13T22:50:07.090Z", "live_revision": 28}}, {"model": "wagtailcore.page", "pk": 7, "fields": {"path": "000100020004", "depth": 3, "numchild": 0, "title": "Determine property type and licenses", "draft_title": "Determine property type and licenses", "slug": "job-search-help-bus-passes-more", "content_type": 9, "live": true, "has_unpublished_changes": false, "url_path": "/start-here-jobseeker/job-search-help-bus-passes-more/", "owner": 1, "seo_title": "", "show_in_menus": false, "search_description": "", "go_live_at": null, "expire_at": null, "expired": false, "locked": false, "first_published_at": "2017-10-13T21:39:42.349Z", "last_published_at": "2017-10-13T22:50:01.085Z", "latest_revision_created_at": "2017-10-13T22:50:01.060Z", "live_revision": 27}}, {"model": "wagtailcore.page", "pk": 8, "fields": {"path": "000100020005", "depth": 3, "numchild": 0, "title": "Plan your strategy and finances", "draft_title": "Plan your strategy and finances", "slug": "ready-work", "content_type": 9, "live": true, "has_unpublished_changes": false, "url_path": "/start-here-jobseeker/ready-work/", "owner": 1, "seo_title": "", "show_in_menus": false, "search_description": "", "go_live_at": null, "expire_at": null, "expired": false, "locked": false, "first_published_at": "2017-10-13T21:39:57.099Z", "last_published_at": "2017-10-13T22:43:45.479Z", "latest_revision_created_at": "2017-10-13T22:43:45.454Z", "live_revision": 15}}, {"model": "wagtailcore.page", "pk": 9, "fields": {"path": "000100020006", "depth": 3, "numchild": 0, "title": "Find funding and resources", "draft_title": "Find funding and resources", "slug": "medical-assistance", "content_type": 9, "live": true, "has_unpublished_changes": false, "url_path": "/start-here-jobseeker/medical-assistance/", "owner": 1, "seo_title": "", "show_in_menus": false, "search_description": "", "go_live_at": null, "expire_at": null, "expired": false, "locked": false, "first_published_at": "2017-10-13T21:40:18.649Z", "last_published_at": "2017-10-13T22:50:14.870Z", "latest_revision_created_at": "2017-10-13T22:50:14.844Z", "live_revision": 29}}, {"model": "wagtailcore.page", "pk": 10, "fields": {"path": "000100020007", "depth": 3, "numchild": 0, "title": "Get an idea", "draft_title": "Get an idea", "slug": "public-assistance", "content_type": 9, "live": true, "has_unpublished_changes": false, "url_path": "/start-here-jobseeker/public-assistance/", "owner": 1, "seo_title": "", "show_in_menus": false, "search_description": "", "go_live_at": null, "expire_at": null, "expired": false, "locked": false, "first_published_at": "2017-10-13T21:40:34.730Z", "last_published_at": "2017-10-13T22:50:21.604Z", "latest_revision_created_at": "2017-10-13T22:50:21.577Z", "live_revision": 30}}, {"model": "wagtailcore.page", "pk": 11, "fields": {"path": "000100020008", "depth": 3, "numchild": 0, "title": "Pay your business taxes", "draft_title": "Pay your business taxes", "slug": "pay-your-business-taxes", "content_type": 9, "live": true, "has_unpublished_changes": false, "url_path": "/start-here-jobseeker/pay-your-business-taxes/", "owner": 1, "seo_title": "", "show_in_menus": false, "search_description": "", "go_live_at": null, "expire_at": null, "expired": false, "locked": false, "first_published_at": "2017-10-13T22:46:01.847Z", "last_published_at": "2017-10-13T22:49:34.129Z", "latest_revision_created_at": "2017-10-13T22:49:34.106Z", "live_revision": 24}}, {"model": "wagtailcore.page", "pk": 12, "fields": {"path": "000100020009", "depth": 3, "numchild": 0, "title": "Marketing", "draft_title": "Marketing", "slug": "marketing", "content_type": 9, "live": true, "has_unpublished_changes": false, "url_path": "/start-here-jobseeker/marketing/", "owner": 1, "seo_title": "", "show_in_menus": false, "search_description": "", "go_live_at": null, "expire_at": null, "expired": false, "locked": false, "first_published_at": "2017-10-13T22:49:16.113Z", "last_published_at": "2017-10-13T22:49:16.113Z", "latest_revision_created_at": "2017-10-13T22:49:16.095Z", "live_revision": 22}}, {"model": "wagtailcore.page", "pk": 13, "fields": {"path": "00010002000A", "depth": 3, "numchild": 0, "title": "Work with the city", "draft_title": "Work with the city", "slug": "work-city", "content_type": 9, "live": true, "has_unpublished_changes": false, "url_path": "/start-here-jobseeker/work-city/", "owner": 1, "seo_title": "", "show_in_menus": false, "search_description": "", "go_live_at": null, "expire_at": null, "expired": false, "locked": false, "first_published_at": "2017-10-13T22:49:26.894Z", "last_published_at": "2017-10-13T22:49:26.894Z", "latest_revision_created_at": "2017-10-13T22:49:26.877Z", "live_revision": 23}}, {"model": "wagtailcore.page", "pk": 14, "fields": {"path": "00010002000B", "depth": 3, "numchild": 0, "title": "Networking", "draft_title": "Networking", "slug": "networking", "content_type": 9, "live": true, "has_unpublished_changes": false, "url_path": "/start-here-jobseeker/networking/", "owner": 1, "seo_title": "", "show_in_menus": false, "search_description": "", "go_live_at": null, "expire_at": null, "expired": false, "locked": false, "first_published_at": "2017-10-13T22:50:31.394Z", "last_published_at": "2017-10-13T22:50:31.394Z", "latest_revision_created_at": "2017-10-13T22:50:31.376Z", "live_revision": 31}}, {"model": "wagtailcore.page", "pk": 15, "fields": {"path": "00010002000C", "depth": 3, "numchild": 0, "title": "Register your business", "draft_title": "Register your business", "slug": "register-your-business", "content_type": 9, "live": true, "has_unpublished_changes": false, "url_path": "/start-here-jobseeker/register-your-business/", "owner": 1, "seo_title": "", "show_in_menus": false, "search_description": "", "go_live_at": null, "expire_at": null, "expired": false, "locked": false, "first_published_at": "2017-10-13T22:51:25.416Z", "last_published_at": "2017-10-13T22:51:25.416Z", "latest_revision_created_at": "2017-10-13T22:51:25.399Z", "live_revision": 33}}, {"model": "wagtailcore.page", "pk": 16, "fields": {"path": "00010002000D", "depth": 3, "numchild": 0, "title": "Negotiate your lease", "draft_title": "Negotiate your lease", "slug": "negotiate-your-lease", "content_type": 9, "live": true, "has_unpublished_changes": false, "url_path": "/start-here-jobseeker/negotiate-your-lease/", "owner": 1, "seo_title": "", "show_in_menus": false, "search_description": "", "go_live_at": null, "expire_at": null, "expired": false, "locked": false, "first_published_at": "2017-10-13T22:51:37.610Z", "last_published_at": "2017-10-13T22:51:37.610Z", "latest_revision_created_at": "2017-10-13T22:51:37.593Z", "live_revision": 34}}, {"model": "wagtailcore.page", "pk": 17, "fields": {"path": "00010002000E", "depth": 3, "numchild": 0, "title": "Permits", "draft_title": "Permits", "slug": "permits", "content_type": 9, "live": true, "has_unpublished_changes": false, "url_path": "/start-here-jobseeker/permits/", "owner": 1, "seo_title": "", "show_in_menus": false, "search_description": "", "go_live_at": null, "expire_at": null, "expired": false, "locked": false, "first_published_at": "2017-10-13T22:51:47.578Z", "last_published_at": "2017-10-13T22:51:47.578Z", "latest_revision_created_at": "2017-10-13T22:51:47.557Z", "live_revision": 35}}, {"model": "wagtailcore.page", "pk": 18, "fields": {"path": "00010002000F", "depth": 3, "numchild": 0, "title": "Inspections", "draft_title": "Inspections", "slug": "inspections", "content_type": 9, "live": true, "has_unpublished_changes": false, "url_path": "/start-here-jobseeker/inspections/", "owner": 1, "seo_title": "", "show_in_menus": false, "search_description": "", "go_live_at": null, "expire_at": null, "expired": false, "locked": false, "first_published_at": "2017-10-13T22:51:54.150Z", "last_published_at": "2017-10-13T22:51:54.150Z", "latest_revision_created_at": "2017-10-13T22:51:54.131Z", "live_revision": 36}}, {"model": "wagtailcore.page", "pk": 19, "fields": {"path": "00010002000G", "depth": 3, "numchild": 0, "title": "Renew your license", "draft_title": "Renew your license", "slug": "renew-your-license", "content_type": 9, "live": true, "has_unpublished_changes": false, "url_path": "/start-here-jobseeker/renew-your-license/", "owner": 1, "seo_title": "", "show_in_menus": false, "search_description": "", "go_live_at": null, "expire_at": null, "expired": false, "locked": false, "first_published_at": "2017-10-13T22:52:02.927Z", "last_published_at": "2017-10-13T22:52:02.927Z", "latest_revision_created_at": "2017-10-13T22:52:02.910Z", "live_revision": 37}}, {"model": "wagtailimages.image", "pk": 1, "fields": {"collection": 1, "title": "grow_icon.png", "file": "original_images/grow_icon.png", "width": 150, "height": 150, "created_at": "2017-10-13T22:56:44.283Z", "uploaded_by_user": 1, "focal_point_x": null, "focal_point_y": null, "focal_point_width": null, "focal_point_height": null, "file_size": 2250}}, {"model": "wagtailimages.image", "pk": 2, "fields": {"collection": 1, "title": "launch_icon.png", "file": "original_images/launch_icon.png", "width": 150, "height": 150, "created_at": "2017-10-13T22:56:50.416Z", "uploaded_by_user": 1, "focal_point_x": null, "focal_point_y": null, "focal_point_width": null, "focal_point_height": null, "file_size": 3827}}, {"model": "wagtailimages.image", "pk": 3, "fields": {"collection": 1, "title": "plan_icon.png", "file": "original_images/plan_icon.png", "width": 150, "height": 150, "created_at": "2017-10-13T22:56:58.627Z", "uploaded_by_user": 1, "focal_point_x": null, "focal_point_y": null, "focal_point_width": null, "focal_point_height": null, "file_size": 4955}}, {"model": "roadmap.track", "pk": 4, "fields": {"page_body": "", "form_submission_message": "Based on your choices we suggest looking at the following:", "question": "", "choices": "[]", "has_strict_rules": false, "rules": "[]", "default_steps": "[]"}}, {"model": "roadmap.track", "pk": 5, "fields": {"page_body": "<p></p><p></p><p></p><h4><br/></h4><p></p><p></p><p></p><p></p><p></p><p></p>", "form_submission_message": "Based on your choices we suggest looking at the following:", "question": "", "choices": "[]", "has_strict_rules": false, "rules": "[]", "default_steps": "[]"}}, {"model": "roadmap.track", "pk": 6, "fields": {"page_body": "<p></p><p></p><p></p><p><br/></p><p></p><p></p><p></p><p></p><p></p><p></p>", "form_submission_message": "Based on your choices we suggest looking at the following:", "question": "", "choices": "[]", "has_strict_rules": false, "rules": "[]", "default_steps": "[]"}}, {"model": "roadmap.track", "pk": 7, "fields": {"page_body": "", "form_submission_message": "Based on your choices we suggest looking at the following:", "question": "", "choices": "[]", "has_strict_rules": false, "rules": "[]", "default_steps": "[]"}}, {"model": "roadmap.track", "pk": 8, "fields": {"page_body": "<p></p><p></p><p></p><p><br/></p><p></p><p></p><p></p><p></p><p></p><p></p>", "form_submission_message": "Based on your choices we suggest looking at the following:", "question": "", "choices": "[]", "has_strict_rules": false, "rules": "[]", "default_steps": "[]"}}, {"model": "roadmap.track", "pk": 9, "fields": {"page_body": "<p></p><p></p><p></p><p><br/></p><p></p><p></p><p></p><p></p><p></p><p></p>", "form_submission_message": "Based on your choices we suggest looking at the following:", "question": "", "choices": "[]", "has_strict_rules": false, "rules": "[]", "default_steps": "[]"}}, {"model": "roadmap.track", "pk": 10, "fields": {"page_body": "", "form_submission_message": "Based on your choices we suggest looking at the following:", "question": "", "choices": "[]", "has_strict_rules": false, "rules": "[]", "default_steps": "[]"}}, {"model": "roadmap.track", "pk": 11, "fields": {"page_body": "", "form_submission_message": "Based on your choices we suggest looking at the following:", "question": "", "choices": "[]", "has_strict_rules": false, "rules": "[]", "default_steps": "[]"}}, {"model": "roadmap.track", "pk": 12, "fields": {"page_body": "", "form_submission_message": "Based on your choices we suggest looking at the following:", "question": "", "choices": "[]", "has_strict_rules": false, "rules": "[]", "default_steps": "[]"}}, {"model": "roadmap.track", "pk": 13, "fields": {"page_body": "", "form_submission_message": "Based on your choices we suggest looking at the following:", "question": "", "choices": "[]", "has_strict_rules": false, "rules": "[]", "default_steps": "[]"}}, {"model": "roadmap.track", "pk": 14, "fields": {"page_body": "", "form_submission_message": "Based on your choices we suggest looking at the following:", "question": "", "choices": "[]", "has_strict_rules": false, "rules": "[]", "default_steps": "[]"}}, {"model": "roadmap.track", "pk": 15, "fields": {"page_body": "", "form_submission_message": "Based on your choices we suggest looking at the following:", "question": "", "choices": "[]", "has_strict_rules": false, "rules": "[]", "default_steps": "[]"}}, {"model": "roadmap.track", "pk": 16, "fields": {"page_body": "", "form_submission_message": "Based on your choices we suggest looking at the following:", "question": "", "choices": "[]", "has_strict_rules": false, "rules": "[]", "default_steps": "[]"}}, {"model": "roadmap.track", "pk": 17, "fields": {"page_body": "", "form_submission_message": "Based on your choices we suggest looking at the following:", "question": "", "choices": "[]", "has_strict_rules": false, "rules": "[]", "default_steps": "[]"}}, {"model": "roadmap.track", "pk": 18, "fields": {"page_body": "", "form_submission_message": "Based on your choices we suggest looking at the following:", "question": "", "choices": "[]", "has_strict_rules": false, "rules": "[]", "default_steps": "[]"}}, {"model": "roadmap.track", "pk": 19, "fields": {"page_body": "", "form_submission_message": "Based on your choices we suggest looking at the following:", "question": "", "choices": "[]", "has_strict_rules": false, "rules": "[]", "default_steps": "[]"}}, {"model": "home.homepage", "pk": 3, "fields": {"mission_statement": "Everything you need to make starting your business a piece of cake!", "video": "", "sections": "[{\"type\": \"section\", \"value\": {\"title\": \"Plan!\", \"pages\": [10, 9, 7, 8], \"image\": 3}, \"id\": \"e4c2cb48-bae1-42db-b915-315a63966c8d\"}, {\"type\": \"section\", \"value\": {\"title\": \"Launch\", \"pages\": [6, 5, 15, 16, 17, 18, 19], \"image\": 2}, \"id\": \"9ebbb909-44a9-4853-84cc-647ec8348420\"}, {\"type\": \"section\", \"value\": {\"title\": \"Grow\", \"pages\": [4, 11, 12, 13, 14], \"image\": 1}, \"id\": \"3fa1d59f-e47d-4234-90e3-965a9b57ddf0\"}]"}}]